model,threshold,tp,fp,fn,precision,recall,f1,roc_auc
histgb,0.37999999999999995,770,250,143,0.7549019607843137,0.8433734939759037,0.7966890843248836,0.9696147474948629
rf,0.62,774,276,139,0.7371428571428571,0.8477546549835706,0.7885888945491595,0.9685810610335154
extra,0.72,667,266,246,0.714898177920686,0.7305585980284776,0.7226435536294691,0.9540325086974494
